link	node	deposit_topic	reader_etype	reader_ent	reader_pub	pattern	member	verdict	flow	stamp	deposit_code	reader_code	note
1	/system/hazard_status_converter	/diagnostics_graph/struct	sub	/diagnostics_graph/status		field	DiagGraphSubscription::graph_ (nodes_/diags_/links_/id_) + Converter::auto_mode_root_/auto_mode_tree_	REAL	both	-	universe/autoware_universe/system/autoware_diagnostic_graph_utils/src/lib/subscription.cpp:56	universe/autoware_universe/system/autoware_hazard_status_converter/src/converter.cpp:107	on_struct builds the graph (graph.cpp:66) and Converter::on_create caches the auto-mode root/tree; on_status updates that graph (subscription.cpp:65, id check graph.cpp:98) and on_update walks it; output stamp is the status msg stamp (converter.cpp:135), i.e. the trigger, not the deposit.
2	/system/mrm_handler	/system/operation_mode/availability	tmr	timer_100000000ns		ptr	operation_mode_availability_ (+stamp_operation_mode_availability_, is_emergency_holding_)	REAL	both	now	universe/autoware_universe/system/autoware_mrm_handler/src/mrm_handler/mrm_handler_core.cpp:92	universe/autoware_universe/system/autoware_mrm_handler/src/mrm_handler/mrm_handler_core.cpp:320	Single 100 ms timer; null guard :320, timeout check :354, values used :479-541 and :608-614; all outputs stamped this->now() (:126,:141,:155,:173,:180).
3	/adapi/node/planning	/localization/kinematic_state	tmr	timer_200000000ns		ptr	kinematic_state_ (+stop_checker_ twist_buffer_, queue via addTwist :263)	REAL	both	now	universe/autoware_universe/system/autoware_default_adapi_universe/src/planning.cpp:256	universe/autoware_universe/system/autoware_default_adapi_universe/src/planning.cpp:275	Single 200 ms timer; null guard and position :275-278, isVehicleStopped :288; stamp now() :269; this node uses VehicleStopCheckerBase so there is only one kinematic_state subscription.
4	/sensing/imu/imu_corrector	/sensing/imu/gyro_bias	sub	/sensing/imu/tamagawa/imu_raw		copy	gyro_bias_	FALSE	-	-	universe/autoware_universe/sensing/autoware_imu_corrector/src/imu_corrector_core.cpp:179	universe/autoware_universe/sensing/autoware_imu_corrector/src/imu_corrector_core.cpp:131	PARAM-GATED: gyro_bias_ is read only inside if(correct_for_dynamic_bias_) (:130-133); the as-built config sets it false (config/gyro_scale_estimator.param.yaml:44) so the read never executes; would be REAL/data if enabled; output stamp is the imu msg stamp (:165).
5	/sensing/imu/imu_corrector	/sensing/imu/gyro_scale	sub	/sensing/imu/tamagawa/imu_raw		copy	gyro_scale_	FALSE	-	-	universe/autoware_universe/sensing/autoware_imu_corrector/src/imu_corrector_core.cpp:185	universe/autoware_universe/sensing/autoware_imu_corrector/src/imu_corrector_core.cpp:114	PARAM-GATED: read every imu callback at :114-117 only as a zero/NaN sanity check (log and reset, no effect on output); applied to the output at :137-139 only if correct_for_scale_ (as-built config false, gyro_scale_estimator.param.yaml:45); would be REAL/data if enabled.
6	/sensing/imu/gyro_bias_scale_validator	/localization/kinematic_state	sub	/sensing/imu/tamagawa/imu_raw		queue	pose_buf_	REAL	both	now	universe/autoware_universe/sensing/autoware_imu_corrector/src/gyro_bias_estimator.cpp:297	universe/autoware_universe/sensing/autoware_imu_corrector/src/gyro_bias_estimator.cpp:263	INDIRECT: callback_imu never reads pose_buf_; the non-publishing timer_callback drains it (:659-661) and derives gyro_bias_/gyro_bias_not_rotated_ (:704-716), which callback_imu guards on (:263) and publishes (:292); stamp now() :291.
7	/sensing/imu/gyro_bias_scale_validator	/localization/kinematic_state	sub	/localization/pose_estimator/pose_with_covariance		queue	pose_buf_	REAL	both	now	universe/autoware_universe/sensing/autoware_imu_corrector/src/gyro_bias_estimator.cpp:297	universe/autoware_universe/sensing/autoware_imu_corrector/src/gyro_bias_estimator.cpp:644	INDIRECT: same chain via timer_callback; the pose callback gates the scale EKF and its publish on gyro_bias_ (:644,:477) and uses gyro_bias_not_rotated_ (:485); gyro_scale stamp now() (:554,:580); the skip path :579-588 publishes without touching it.
8	/sensing/gnss/gnss_poser	/map/map_projector_info	sub	/sensing/gnss/ublox/nav_sat_fix		copy	projector_info_ (+received_map_projector_info_ flag)	REAL	both	-	core/autoware_core/sensing/autoware_gnss_poser/src/gnss_poser_node.cpp:72	core/autoware_core/sensing/autoware_gnss_poser/src/gnss_poser_node.cpp:83	Guard :83, projector type :91, projection :120-123; pose stamp comes from the NavSatFix trigger (:174), gnss_fixed stamp is now() (:103).
9	/localization/pose_estimator/ndt_scan_matcher	/localization/pose_twist_fusion_filter/biased_pose_with_covariance	sub	/localization/util/downsample/pointcloud		queue	initial_pose_buffer_ (push :280; +latest_ekf_position_)	REAL	both	-	core/autoware_core/localization/autoware_ndt_scan_matcher/src/ndt_scan_matcher_core.cpp:239	core/autoware_core/localization/autoware_ndt_scan_matcher/src/ndt_scan_matcher_core.cpp:429	interpolate() result is the NDT initial guess and is published (:637), failure returns before any pose publish; outputs carry the sensor cloud stamp (trigger); the deposit callback also publishes /diagnostics on every call (:246).
10	/localization/util/pose_initializer	/sensing/gnss/pose_with_covariance	serv	/localization/initialize		ptr	GnssModule::pose_	REAL	both	inherit	core/autoware_core/localization/autoware_pose_initializer/src/gnss_module.cpp:34	core/autoware_core/localization/autoware_pose_initializer/src/pose_initializer_core.cpp:175	Reader is the InitializeLocalization service callback (not a timer/sub); it reads the GNSS pose only for AUTO requests without a pose (:175 -> gnss_module.cpp:43-60) or if pose_error_check_enabled (:188, as-built false), DIRECT or with-pose requests never read it; pose_reset keeps the GNSS header stamp through the ndt_align service (ndt_scan_matcher_core.cpp:1031,:1171), the state msg uses now().
11	/localization/pose_twist_fusion_filter/ekf_localizer	/initialpose3d	tmr	timer_20000000ns		field	ekf_module_ Kalman state x/P via initialize() (:274) + is_set_initialpose_	REAL	both	now	core/autoware_core/localization/autoware_ekf_localizer/src/ekf_localizer.cpp:265	core/autoware_core/localization/autoware_ekf_localizer/src/ekf_localizer.cpp:150	Guard :150, state used by predict :165 and get_current_pose :224; stamp current_time=now() (:141); initialpose -> /initialpose3d checked in the launch remap because callback_pose_with_covariance has the same signature.
12	/localization/pose_twist_fusion_filter/ekf_localizer	/localization/pose_estimator/pose_with_covariance	tmr	timer_20000000ns		queue	pose_queue_	REAL	data	now	core/autoware_core/localization/autoware_ekf_localizer/src/ekf_localizer.cpp:282	core/autoware_core/localization/autoware_ekf_localizer/src/ekf_localizer.cpp:186	AgedObjectQueue of msg shared_ptrs, each element consumed pose_smoothing_steps times by the 20 ms timer; the deposit callback also publishes /diagnostics on every call (:302).
13	/localization/pose_twist_fusion_filter/ekf_localizer	/localization/twist_estimator/twist_with_covariance	tmr	timer_20000000ns		queue	twist_queue_	REAL	data	now	core/autoware_core/localization/autoware_ekf_localizer/src/ekf_localizer.cpp:308	core/autoware_core/localization/autoware_ekf_localizer/src/ekf_localizer.cpp:213	AgedObjectQueue of msg shared_ptrs (callback mutates covariance :314 before pushing); the deposit callback also publishes /diagnostics on every call (:330).
14	/localization/pose_twist_fusion_filter/twist2accel	/localization/twist_estimator/twist_with_covariance	sub	/localization/kinematic_state		none	-	FALSE	-	-	core/autoware_core/localization/autoware_twist2accel/src/twist2accel.cpp:63	-	use_odom=true (as-built config) makes the twist callback return at :66 storing nothing; with use_odom=false it would itself compute and publish while the odom callback returns at :55, so there is no twist -> odom-callback state either way.
15	/perception/object_recognition/prediction/map_based_prediction	/map/vector_map	sub	/perception/object_recognition/tracking/objects		field	lanelet_map_ptr_, routing_graph_ptr_, traffic_rules_ptr_ (+predictor_vru_ map)	REAL	both	-	universe/autoware_universe/perception/autoware_map_based_prediction/src/map_based_prediction_node.cpp:605	universe/autoware_universe/perception/autoware_map_based_prediction/src/map_based_prediction_node.cpp:648	Stores derived lanelet structures, not the msg; null guard :648, used :701, :819, :860ff; output header copied from the tracked-objects trigger (:675).
16	/perception/object_recognition/tracking/multi_object_tracker	/perception/object_recognition/detection/centerpoint/validation/objects	tmr	timer_10000000ns		queue	InputStream::objects_que_ (push :115) -> processor_ trackers + last_updated_time_	REAL	both	now	universe/autoware_universe/perception/autoware_multi_object_tracker/src/processor/input_manager.cpp:51	universe/autoware_universe/perception/autoware_multi_object_tracker/src/multi_object_tracker_node.cpp:469	Timer never reads objects_que_ itself: the queue is drained by onTrigger (multi_object_tracker_node.cpp:351 -> input_manager.cpp:214), which runs inside the target-stream subscription callback (target = max-latency stream, re-chosen at input_manager.cpp:358) and updates the trackers; the 10 ms timer publishes tracker state (:469) gated by last_updated_time_ (:390); direct when this stream is the target, otherwise via the other stream callback.
17	/perception/object_recognition/tracking/multi_object_tracker	/perception/object_recognition/detection/detection_by_tracker/objects	tmr	timer_10000000ns		queue	InputStream::objects_que_ (push :115) -> processor_ trackers + last_updated_time_	REAL	both	now	universe/autoware_universe/perception/autoware_multi_object_tracker/src/processor/input_manager.cpp:51	universe/autoware_universe/perception/autoware_multi_object_tracker/src/multi_object_tracker_node.cpp:469	Timer never reads objects_que_ itself: the queue is drained by onTrigger (multi_object_tracker_node.cpp:351 -> input_manager.cpp:214), which runs inside the target-stream subscription callback (target = max-latency stream, re-chosen at input_manager.cpp:358) and updates the trackers; the 10 ms timer publishes tracker state (:469) gated by last_updated_time_ (:390); direct when this stream is the target, otherwise via the other stream callback.
18	/planning/mission_planning/mission_planner	/localization/kinematic_state	tmr	timer_100000000ns		ptr	odometry_	REAL	gating	now	universe/autoware_universe/planning/autoware_mission_planner_universe/src/mission_planner/mission_planner.cpp:173	universe/autoware_universe/planning/autoware_mission_planner_universe/src/mission_planner/mission_planner.cpp:158	Reader is the check_initialization timer (cancelled once ready): only a null check of odometry_ before publishing RouteState UNSET, stamp now() (:215); the deposit callback can itself publish ARRIVED (:183).
19	/planning/mission_planning/mission_planner	/map/vector_map	tmr	timer_100000000ns		ptr	map_ptr_ (+derived lanelet_map_ptr_)	FALSE	-	-	universe/autoware_universe/planning/autoware_mission_planner_universe/src/mission_planner/mission_planner.cpp:193	-	check_initialization never reads map_ptr_/lanelet_map_ptr_ (only check_reroute_safety :613ff, reached from service callbacks); its map gate planner_->ready() (:154) is set by a different callback on the same topic, DefaultPlanner::map_callback (src/lanelet2_plugins/default_planner.cpp:114).
20	/planning/mission_planning/mission_planner	/system/operation_mode/state	tmr	timer_100000000ns		ptr	operation_mode_state_	FALSE	-	-	universe/autoware_universe/planning/autoware_mission_planner_universe/src/mission_planner/mission_planner.cpp:188	-	check_initialization never reads operation_mode_state_; only the route service callbacks do (:291,:297,:381,:449,:455).
21	/planning/scenario_planning/parking/costmap_generator	/map/vector_map	tmr	timer_100000000ns		field	lanelet_map_, primitives_polygons_	REAL	both	now	universe/autoware_universe/planning/autoware_costmap_generator/src/costmap_generator.cpp:235	universe/autoware_universe/planning/autoware_costmap_generator/src/costmap_generator.cpp:330	Single 100 ms timer; isActive null guard :330 and isInParkingLot :343 decide whether the costmap is published, primitives layer :294/:424; stamp now() (:471).
22	/control/vehicle_cmd_gate	/localization/acceleration	tmr	timer_100000000ns	/control/current_gate_mode	field	current_acceleration_	FALSE	-	-	universe/autoware_universe/control/autoware_vehicle_cmd_gate/src/vehicle_cmd_gate.cpp:104	-	Node has two 100 ms timers with identical symbol (onTimer :410, publishStatus :677); neither reads current_acceleration_; its only read is getActualStatusAsCommand :846 <- filterControlCommand :704 <- publishControlCommands, i.e. the control_cmd subscription callbacks.
23	/control/vehicle_cmd_gate	/vehicle/status/steering_status	tmr	timer_100000000ns	/control/command/gear_cmd	field	current_steer_	FALSE	-	-	universe/autoware_universe/control/autoware_vehicle_cmd_gate/src/vehicle_cmd_gate.cpp:109	-	Node has two 100 ms timers with identical symbol (onTimer :410, publishStatus :677); neither reads current_steer_; it is read at :714/:716, :751 and :843 only under publishControlCommands (control_cmd subscription callbacks).
24	/control/vehicle_cmd_gate	/vehicle/status/steering_status	tmr	timer_100000000ns	/control/current_gate_mode	field	current_steer_	FALSE	-	-	universe/autoware_universe/control/autoware_vehicle_cmd_gate/src/vehicle_cmd_gate.cpp:109	-	Node has two 100 ms timers with identical symbol (onTimer :410, publishStatus :677); neither reads current_steer_; it is read at :714/:716, :751 and :843 only under publishControlCommands (control_cmd subscription callbacks).
25	/control/vehicle_cmd_gate	/system/operation_mode/state	tmr	timer_100000000ns	/control/command/gear_cmd	copy	current_operation_mode_	FALSE	-	inherit	universe/autoware_universe/control/autoware_vehicle_cmd_gate/src/vehicle_cmd_gate.cpp:112	universe/autoware_universe/control/autoware_vehicle_cmd_gate/src/vehicle_cmd_gate.cpp:694	reader is onTimer (publishes turn indicators / hazard / gear), which does not read current_operation_mode_; timer identity resolved from the trace
26	/control/vehicle_cmd_gate	/system/operation_mode/state	tmr	timer_100000000ns	/control/current_gate_mode	copy	current_operation_mode_	REAL	data	inherit	universe/autoware_universe/control/autoware_vehicle_cmd_gate/src/vehicle_cmd_gate.cpp:112	universe/autoware_universe/control/autoware_vehicle_cmd_gate/src/vehicle_cmd_gate.cpp:694	reader is publishStatus, which republishes current_operation_mode_ verbatim (:694); timer identity resolved from the trace
27	/control/vehicle_cmd_gate	/system/fail_safe/mrm_state	tmr	timer_100000000ns	/control/command/gear_cmd	field	is_system_emergency_, emergency_state_heartbeat_received_time_	REAL	both	-	universe/autoware_universe/control/autoware_vehicle_cmd_gate/src/vehicle_cmd_gate.cpp:816	universe/autoware_universe/control/autoware_vehicle_cmd_gate/src/vehicle_cmd_gate.cpp:344	reader is onTimer, which reads is_system_emergency_ / emergency state (:344, :459, :497; use_emergency_handling=true); timer identity resolved from the trace
28	/control/vehicle_cmd_gate	/system/fail_safe/mrm_state	tmr	timer_100000000ns	/control/current_gate_mode	field	is_system_emergency_, emergency_state_heartbeat_received_time_	FALSE	-	-	universe/autoware_universe/control/autoware_vehicle_cmd_gate/src/vehicle_cmd_gate.cpp:816	universe/autoware_universe/control/autoware_vehicle_cmd_gate/src/vehicle_cmd_gate.cpp:344	reader is publishStatus, which does not read the mrm state; timer identity resolved from the trace
29	/control/vehicle_cmd_gate	/system/emergency/control_cmd	tmr	timer_100000000ns	/control/command/gear_cmd	copy	emergency_commands_.control	FALSE	-	-	universe/autoware_universe/control/autoware_vehicle_cmd_gate/src/vehicle_cmd_gate.cpp:384	-	Node has two 100 ms timers with identical symbol (onTimer :410, publishStatus :677); onTimer reads only emergency_commands_.turn_indicator/hazard_light/gear (:498-500, filled by polling subscribers), never .control; .control is used at :596 inside publishControlCommands; the deposit callback itself publishes when is_system_emergency_ (:388-389); three Control callbacks share one signature, mapped by launch remap.
30	/control/vehicle_cmd_gate	/system/emergency/control_cmd	tmr	timer_100000000ns	/control/current_gate_mode	copy	emergency_commands_.control	FALSE	-	-	universe/autoware_universe/control/autoware_vehicle_cmd_gate/src/vehicle_cmd_gate.cpp:384	-	Node has two 100 ms timers with identical symbol (onTimer :410, publishStatus :677); onTimer reads only emergency_commands_.turn_indicator/hazard_light/gear (:498-500, filled by polling subscribers), never .control; .control is used at :596 inside publishControlCommands; the deposit callback itself publishes when is_system_emergency_ (:388-389); three Control callbacks share one signature, mapped by launch remap.
31	/control/vehicle_cmd_gate	/localization/kinematic_state	tmr	timer_100000000ns	/control/command/gear_cmd	copy	current_kinematics_	FALSE	-	-	universe/autoware_universe/control/autoware_vehicle_cmd_gate/src/vehicle_cmd_gate.cpp:102	-	Node has two 100 ms timers with identical symbol (onTimer :410, publishStatus :677); neither reads current_kinematics_; it is read at :707-708, :845 and :976 only under publishControlCommands (control_cmd subscription callbacks); symbol is the constructor lambda, the node also has a separate VehicleStopChecker subscription on the same topic.
32	/control/vehicle_cmd_gate	/localization/kinematic_state	tmr	timer_100000000ns	/control/current_gate_mode	copy	current_kinematics_	FALSE	-	-	universe/autoware_universe/control/autoware_vehicle_cmd_gate/src/vehicle_cmd_gate.cpp:102	-	Node has two 100 ms timers with identical symbol (onTimer :410, publishStatus :677); neither reads current_kinematics_; it is read at :707-708, :845 and :976 only under publishControlCommands (control_cmd subscription callbacks); symbol is the constructor lambda, the node also has a separate VehicleStopChecker subscription on the same topic.
33	/control/vehicle_cmd_gate	/localization/acceleration	tmr	timer_100000000ns	/control/command/gear_cmd	field	current_acceleration_	FALSE	-	-	universe/autoware_universe/control/autoware_vehicle_cmd_gate/src/vehicle_cmd_gate.cpp:104	-	Node has two 100 ms timers with identical symbol (onTimer :410, publishStatus :677); neither reads current_acceleration_; its only read is getActualStatusAsCommand :846 <- filterControlCommand :704 <- publishControlCommands, i.e. the control_cmd subscription callbacks.
34	/control/autoware_operation_mode_transition_manager	/api/autoware/get/engage	tmr	timer_100000000ns		ptr	Compatibility::autoware_engage_	REAL	both	now	universe/autoware_universe/control/autoware_operation_mode_transition_manager/src/compatibility.cpp:40	universe/autoware_universe/control/autoware_operation_mode_transition_manager/src/compatibility.cpp:57	Single 100 ms timer; onTimer -> get_mode (node.cpp:235,:240) null guard :57 and engage value :61, set_mode :79/:134; the mode feeds the published OperationModeState (node.cpp:323, stamp now() :332).
35	/control/autoware_operation_mode_transition_manager	/control/current_gate_mode	tmr	timer_100000000ns		ptr	Compatibility::gate_mode_	REAL	both	now	universe/autoware_universe/control/autoware_operation_mode_transition_manager/src/compatibility.cpp:45	universe/autoware_universe/control/autoware_operation_mode_transition_manager/src/compatibility.cpp:57	onTimer -> get_mode null guard :57 and value :64, set_mode :79/:126; the mode feeds the published OperationModeState (node.cpp:323, stamp now() :332).
36	/control/autoware_operation_mode_transition_manager	/control/external_cmd_selector/current_selector_mode	tmr	timer_100000000ns		ptr	Compatibility::selector_mode_	REAL	both	now	universe/autoware_universe/control/autoware_operation_mode_transition_manager/src/compatibility.cpp:50	universe/autoware_universe/control/autoware_operation_mode_transition_manager/src/compatibility.cpp:57	Null guard :57 on every timer tick; the value is read (:67,:70) only when engaged and gate mode is not AUTO, and at :114 in set_mode; stamp now() (node.cpp:332).
37	/adapi/node/motion	/localization/kinematic_state	tmr	timer_100000000ns		queue	VehicleStopChecker twist_buffer_ (+odometry_ptr_, unused by this node)	REAL	data	now	core/autoware_core/common/autoware_motion_utils/src/vehicle/vehicle_state_checker.cpp:91	universe/autoware_universe/system/autoware_default_adapi_universe/src/motion.cpp:57	Single 100 ms timer -> update_state; isVehicleStopped (vehicle_state_checker.cpp:48) is consulted only when is_paused_ is false (:50,:57) and a message is published only on state change (:101-105, stamp now() :103).
38	/adapi/node/motion	/control/vehicle_cmd_gate/is_paused	tmr	timer_100000000ns		field	is_paused_	REAL	both	now	universe/autoware_universe/system/autoware_default_adapi_universe/src/motion.cpp:137	universe/autoware_universe/system/autoware_default_adapi_universe/src/motion.cpp:45	optional guard :45 and value :50 in update_state; publishes only on state change; the deposit callback on_is_paused itself calls update_state() and can publish (:142).
39	/adapi/node/routing	/localization/kinematic_state	sub	/planning/route_state		queue	VehicleStopChecker twist_buffer_ (+odometry_ptr_)	FALSE	-	-	core/autoware_core/common/autoware_motion_utils/src/vehicle/vehicle_state_checker.cpp:91	-	Reader RoutingNode::on_state (core/autoware_core/api/autoware_default_adapi/src/routing.cpp:176) never touches vehicle_stop_checker_; only the clear_route service callback does (routing.cpp:210).
40	/adapi/node/autoware_state	/system/component_state_monitor/component/launch/sensing	tmr	timer_100000000ns		field	component_states_[0]	REAL	data	now	universe/autoware_universe/system/autoware_default_adapi_universe/src/compatibility/autoware_state.cpp:33	universe/autoware_universe/system/autoware_default_adapi_universe/src/compatibility/autoware_state.cpp:114	One lambda shared by 8 topics (index by module name); the timer ANDs all flags only while launch_state_==Initializing (:112-119) and never reads them afterwards; the result decides INITIALIZING vs later states; stamp now() (:154).
41	/adapi/node/autoware_state	/system/component_state_monitor/component/launch/perception	tmr	timer_100000000ns		field	component_states_[1]	REAL	data	now	universe/autoware_universe/system/autoware_default_adapi_universe/src/compatibility/autoware_state.cpp:33	universe/autoware_universe/system/autoware_default_adapi_universe/src/compatibility/autoware_state.cpp:114	One lambda shared by 8 topics (index by module name); the timer ANDs all flags only while launch_state_==Initializing (:112-119) and never reads them afterwards; the result decides INITIALIZING vs later states; stamp now() (:154).
42	/adapi/node/autoware_state	/system/component_state_monitor/component/launch/map	tmr	timer_100000000ns		field	component_states_[2]	REAL	data	now	universe/autoware_universe/system/autoware_default_adapi_universe/src/compatibility/autoware_state.cpp:33	universe/autoware_universe/system/autoware_default_adapi_universe/src/compatibility/autoware_state.cpp:114	One lambda shared by 8 topics (index by module name); the timer ANDs all flags only while launch_state_==Initializing (:112-119) and never reads them afterwards; the result decides INITIALIZING vs later states; stamp now() (:154).
43	/adapi/node/autoware_state	/system/component_state_monitor/component/launch/localization	tmr	timer_100000000ns		field	component_states_[3]	REAL	data	now	universe/autoware_universe/system/autoware_default_adapi_universe/src/compatibility/autoware_state.cpp:33	universe/autoware_universe/system/autoware_default_adapi_universe/src/compatibility/autoware_state.cpp:114	One lambda shared by 8 topics (index by module name); the timer ANDs all flags only while launch_state_==Initializing (:112-119) and never reads them afterwards; the result decides INITIALIZING vs later states; stamp now() (:154).
44	/adapi/node/autoware_state	/system/component_state_monitor/component/launch/planning	tmr	timer_100000000ns		field	component_states_[4]	REAL	data	now	universe/autoware_universe/system/autoware_default_adapi_universe/src/compatibility/autoware_state.cpp:33	universe/autoware_universe/system/autoware_default_adapi_universe/src/compatibility/autoware_state.cpp:114	One lambda shared by 8 topics (index by module name); the timer ANDs all flags only while launch_state_==Initializing (:112-119) and never reads them afterwards; the result decides INITIALIZING vs later states; stamp now() (:154).
45	/adapi/node/autoware_state	/system/component_state_monitor/component/launch/control	tmr	timer_100000000ns		field	component_states_[5]	REAL	data	now	universe/autoware_universe/system/autoware_default_adapi_universe/src/compatibility/autoware_state.cpp:33	universe/autoware_universe/system/autoware_default_adapi_universe/src/compatibility/autoware_state.cpp:114	One lambda shared by 8 topics (index by module name); the timer ANDs all flags only while launch_state_==Initializing (:112-119) and never reads them afterwards; the result decides INITIALIZING vs later states; stamp now() (:154).
46	/adapi/node/autoware_state	/system/component_state_monitor/component/launch/vehicle	tmr	timer_100000000ns		field	component_states_[6]	REAL	data	now	universe/autoware_universe/system/autoware_default_adapi_universe/src/compatibility/autoware_state.cpp:33	universe/autoware_universe/system/autoware_default_adapi_universe/src/compatibility/autoware_state.cpp:114	One lambda shared by 8 topics (index by module name); the timer ANDs all flags only while launch_state_==Initializing (:112-119) and never reads them afterwards; the result decides INITIALIZING vs later states; stamp now() (:154).
47	/adapi/node/autoware_state	/system/component_state_monitor/component/launch/system	tmr	timer_100000000ns		field	component_states_[7]	REAL	data	now	universe/autoware_universe/system/autoware_default_adapi_universe/src/compatibility/autoware_state.cpp:33	universe/autoware_universe/system/autoware_default_adapi_universe/src/compatibility/autoware_state.cpp:114	One lambda shared by 8 topics (index by module name); the timer ANDs all flags only while launch_state_==Initializing (:112-119) and never reads them afterwards; the result decides INITIALIZING vs later states; stamp now() (:154).
48	/adapi/node/diagnostics	/api/fail_safe/mrm_state	sub	/diagnostics_graph/status		field	mrm_state_.state	FALSE	-	-	universe/autoware_universe/system/autoware_default_adapi_universe/src/diagnostics.cpp:48	-	on_status (:85-118) is a pure message conversion; mrm_state_ is read only by the reset service callback (:126-127).
49	/adapi/node/operation_mode	/system/operation_mode/availability	sub	/system/operation_mode/state		field	mode_available_[]	REAL	data	now	universe/autoware_universe/system/autoware_default_adapi_universe/src/operation_mode.cpp:44	universe/autoware_universe/system/autoware_default_adapi_universe/src/operation_mode.cpp:148	Reader is the on_state subscription callback (:132) -> update_state ANDs the availability flags into the state (:148-151); publishes only if the state changed (:153), stamp now() (:155).
50	/adapi/node/operation_mode	/system/operation_mode/availability	tmr	timer_200000000ns		field	mode_available_[]	REAL	data	now	universe/autoware_universe/system/autoware_default_adapi_universe/src/operation_mode.cpp:44	universe/autoware_universe/system/autoware_default_adapi_universe/src/operation_mode.cpp:148	Single 200 ms timer on_timer (:138) -> update_state ANDs the availability flags into the state (:148-151); publishes only if the state changed (:153), stamp now() (:155).
51	/sensing/lidar/concatenate_data	/sensing/vehicle_velocity_converter/twist_with_covariance	sub	/sensing/lidar/top/pointcloud_before_sync		queue	CombineCloudHandlerBase::twist_queue_ (push at src/concatenate_data/combine_cloud_handler_base.cpp:46)	REAL	data	-	universe/autoware_universe/sensing/autoware_pointcloud_preprocessor/include/autoware/pointcloud_preprocessor/concatenate_data/concatenate_and_time_sync_node.ipp:254	universe/autoware_universe/sensing/autoware_pointcloud_preprocessor/src/concatenate_data/combine_cloud_handler_base.cpp:85	The cloud callback reads twist_queue_ only when it completes the collector (cloud_collector.ipp:93 -> combine_pointclouds -> correct_pointcloud_motion, combine_cloud_handler.cpp:107; is_motion_compensated=true as built), otherwise the collector timeout timer does; output stamp is the oldest input cloud stamp (combine_cloud_handler.cpp:234).
52	/sensing/lidar/concatenate_data	/sensing/vehicle_velocity_converter/twist_with_covariance	sub	/sensing/lidar/left/pointcloud_before_sync		queue	CombineCloudHandlerBase::twist_queue_ (push at src/concatenate_data/combine_cloud_handler_base.cpp:46)	REAL	data	-	universe/autoware_universe/sensing/autoware_pointcloud_preprocessor/include/autoware/pointcloud_preprocessor/concatenate_data/concatenate_and_time_sync_node.ipp:254	universe/autoware_universe/sensing/autoware_pointcloud_preprocessor/src/concatenate_data/combine_cloud_handler_base.cpp:85	The cloud callback reads twist_queue_ only when it completes the collector (cloud_collector.ipp:93 -> combine_pointclouds -> correct_pointcloud_motion, combine_cloud_handler.cpp:107; is_motion_compensated=true as built), otherwise the collector timeout timer does; output stamp is the oldest input cloud stamp (combine_cloud_handler.cpp:234).
53	/perception/occupancy_grid_map/occupancy_grid_map_node	/sensing/lidar/concatenated/pointcloud	sub	/perception/obstacle_segmentation/single_frame/pointcloud		copy	raw_pointcloud_ (CudaPointCloud2: header/meta by value, data copied to device, msg ptr kept)	REAL	both	inherit	universe/autoware_universe/perception/autoware_probabilistic_occupancy_grid_map/src/pointcloud_based_occupancy_grid_map/pointcloud_based_occupancy_grid_map_node.cpp:164	universe/autoware_universe/perception/autoware_probabilistic_occupancy_grid_map/src/pointcloud_based_occupancy_grid_map/pointcloud_based_occupancy_grid_map_node.cpp:159	Stamp-equality gate :159, raw cloud used :235-285, output stamped raw_pointcloud_.header.stamp (:297/:311, equal to the trigger stamp by the gate); the deposit callback publishes itself if the obstacle cloud with the same stamp arrived first (:169); raw/obstacle callbacks share a signature, mapped by launch remap.
54	/perception/object_recognition/detection/voxel_based_compare_map_filter	/localization/kinematic_state	sub	/perception/obstacle_segmentation/pointcloud_map_filtered/downsampled/pointcloud		field	VoxelGridDynamicMapLoader::current_position_	REAL	data	-	universe/autoware_universe/perception/autoware_compare_map_segmentation/lib/voxel_grid_map_loader.cpp:389	universe/autoware_universe/perception/autoware_compare_map_segmentation/src/voxel_based_compare_map_filter/node.cpp:242	INDIRECT: the filter callback never reads current_position_; the map-update timer reads it (lib/voxel_grid_map_loader.cpp:483) to request map cells and the service-response callback rebuilds the voxel grid from it (voxel_grid_map_loader.hpp:269-279); the filter only reads that grid via is_close_to_map; output stamp is the input cloud stamp (filter.cpp:196).
55	/perception/object_recognition/detection/detection_by_tracker/detection_by_tracker_node	/perception/object_recognition/tracking/objects	sub	/perception/object_recognition/detection/clustering/objects_with_feature		queue	TrackerHandler::objects_buffer_	REAL	both	-	universe/autoware_universe/perception/autoware_detection_by_tracker/src/tracker/tracker_handler.cpp:25	universe/autoware_universe/perception/autoware_detection_by_tracker/src/detection_by_tracker_node.cpp:162	Deque of message copies (max 10, picked by nearest stamp, never popped by the reader); an empty buffer makes the reader publish an empty output (:167); output header copied from the cluster trigger msg (:155).
